{
"35.702649,139.691228": {
"display_name": "北新宿三丁目, 北新宿, 新宿区, 東京都, 160-8484, 日本",
"city": "新宿区",
"suburb": "北新宿",
"quarter": "",
"neighbourhood": "北新宿三丁目",
"city_district": ""
},
"35.670583,139.706661": {
"display_name": "明治通り, 神宮前一丁目, 神宮前, 渋谷区, 東京都, 150-0001, 日本",
"city": "渋谷区",
"suburb": "",
"quarter": "神宮前",
"neighbourhood": "神宮前一丁目",
"city_district": ""
},
"35.674316,139.826222": {
"display_name": "明治通り, 南砂四丁目, 南砂, 江東区, 東京都, 136-0076, 日本",
"city": "江東区",
"suburb": "",
"quarter": "南砂",
"neighbourhood": "南砂四丁目",
"city_district": ""
},
"35.697699,139.827138": {
"display_name": "亀戸五丁目, 亀戸, 江東区, 東京都, 136-0071, 日本",
"city": "江東区",
"suburb": "",
"quarter": "亀戸",
"neighbourhood": "亀戸五丁目",
"city_district": ""
},
"35.689693,139.835097": {
"display_name": "新大橋通り, 大島五丁目, 大島, 江東区, 東京都, 136-0072, 日本",
"city": "江東区",
"suburb": "",
"quarter": "大島",
"neighbourhood": "大島五丁目",
"city_district": ""
},
"35.689903,139.835060": {
"display_name": "新大橋通り, 大島六丁目, 大島, 江東区, 東京都, 136-0072, 日本",
"city": "江東区",
"suburb": "",
"quarter": "大島",
"neighbourhood": "大島六丁目",
"city_district": ""
},
"35.732202,139.766668": {
"display_name": "道灌山通り, 西日暮里五丁目, 西日暮里, 荒川区, 東京都, 116-0013, 日本",
"city": "荒川区",
"suburb": "",
"quarter": "西日暮里",
"neighbourhood": "西日暮里五丁目",
"city_district": ""
},
"35.732339,139.798766": {
"display_name": "南千住四丁目, 南千住, 荒川区, 東京都, 116-0003, 日本",
"city": "荒川区",
"suburb": "",
"quarter": "南千住",
"neighbourhood": "南千住四丁目",
"city_district": ""
},
"35.739053,139.781352": {
"display_name": "荒川四丁目, 荒川, 荒川区, 東京都, 116-0002, 日本",
"city": "荒川区",
"suburb": "",
"quarter": "荒川",
"neighbourhood": "荒川四丁目",
"city_district": ""
},
"35.774603,139.804516": {
"display_name": "中央本町一丁目, 中央本町, 足立区, 東京都, 120-8510, 日本",
"city": "足立区",
"suburb": "",
"quarter": "中央本町",
"neighbourhood": "中央本町一丁目",
"city_district": ""
},
"35.736403,139.878601": {
"display_name": "西小岩三丁目, 西小岩, 江戸川区, 東京都, 133-0057, 日本",
"city": "江戸川区",
"suburb": "",
"quarter": "西小岩",
"neighbourhood": "西小岩三丁目",
"city_district": ""
},
"35.726024,139.883879": {
"display_name": "南小岩七丁目, 南小岩, 江戸川区, 東京都, 133-0056, 日本",
"city": "江戸川区",
"suburb": "",
"quarter": "南小岩",
"neighbourhood": "南小岩七丁目",
"city_district": ""
},
"35.617264,139.748864": {
"display_name": "首都高速中央環状線, 下目黒三丁目, 東品川一丁目, 東品川, 品川区, 東京都, 141-0001, 日本",
"city": "品川区",
"suburb": "東品川",
"quarter": "",
"neighbourhood": "下目黒三丁目",
"city_district": ""
},
"35.582889,139.737300": {
"display_name": "大森本町一丁目, 大森本町, 大田区, 東京都, 143-0011, 日本",
"city": "大田区",
"suburb": "",
"quarter": "大森本町",
"neighbourhood": "大森本町一丁目",
"city_district": ""
},
"35.731566,139.684659": {
"display_name": "長崎四丁目, 長崎, 豊島区, 東京都, 171-0051, 日本",
"city": "豊島区",
"suburb": "",
"quarter": "長崎",
"neighbourhood": "長崎四丁目",
"city_district": ""
},
"35.753983,139.737600": {
"display_name": "北本通り, 王子一丁目, 王子, 北区, 東京都, 114-0002, 日本",
"city": "北区",
"suburb": "",
"quarter": "王子",
"neighbourhood": "王子一丁目",
"city_district": ""
},
"35.763017,139.748816": {
"display_name": "豊島四丁目, 豊島, 北区, 東京都, 114-0003, 日本",
"city": "北区",
"suburb": "",
"quarter": "豊島",
"neighbourhood": "豊島四丁目",
"city_district": ""
},
"35.761537,139.685599": {
"display_name": "常盤台三丁目, 常盤台, 板橋区, 東京都, 174-0071, 日本",
"city": "板橋区",
"suburb": "",
"quarter": "常盤台",
"neighbourhood": "常盤台三丁目",
"city_district": ""
},
"35.672463,139.706923": {
"display_name": "神宮前一丁目, 神宮前, 渋谷区, 東京都, 150-0001, 日本",
"city": "渋谷区",
"suburb": "",
"quarter": "神宮前",
"neighbourhood": "神宮前一丁目",
"city_district": ""
},
"35.668823,139.835551": {
"display_name": "南砂七丁目, 南砂, 江東区, 東京都, 136-0075, 日本",
"city": "江東区",
"suburb": "",
"quarter": "南砂",
"neighbourhood": "南砂七丁目",
"city_district": ""
},
"35.697401,139.842976": {
"display_name": "亀戸葛西橋線, 亀戸九丁目, 亀戸, 江東区, 東京都, 132-0034, 日本",
"city": "江東区",
"suburb": "",
"quarter": "亀戸",
"neighbourhood": "亀戸九丁目",
"city_district": ""
},
"35.692478,139.827722": {
"display_name": "大島三丁目, 大島, 江東区, 東京都, 136-0071, 日本",
"city": "江東区",
"suburb": "",
"quarter": "大島",
"neighbourhood": "大島三丁目",
"city_district": ""
},
"35.704637,139.822325": {
"display_name": "亀戸三丁目, 亀戸, 江東区, 東京都, 136-0071, 日本",
"city": "江東区",
"suburb": "",
"quarter": "亀戸",
"neighbourhood": "亀戸三丁目",
"city_district": ""
},
"35.690595,139.842773": {
"display_name": "新大橋通り, 大島七丁目, 大島, 江東区, 東京都, 136-0072, 日本",
"city": "江東区",
"suburb": "",
"quarter": "大島",
"neighbourhood": "大島七丁目",
"city_district": ""
},
"35.736172,139.769456": {
"display_name": "西日暮里六丁目, 西日暮里, 荒川区, 東京都, 116-0013, 日本",
"city": "荒川区",
"suburb": "",
"quarter": "西日暮里",
"neighbourhood": "西日暮里六丁目",
"city_district": ""
},
"35.736832,139.809688": {
"display_name": "けやき通り, 南千住八丁目, 南千住, 荒川区, 東京都, 120-0023, 日本",
"city": "荒川区",
"suburb": "",
"quarter": "南千住",
"neighbourhood": "南千住八丁目",
"city_district": ""
},
"35.738852,139.775750": {
"display_name": "荒川五丁目, 荒川, 荒川区, 東京都, 116-0002, 日本",
"city": "荒川区",
"suburb": "",
"quarter": "荒川",
"neighbourhood": "荒川五丁目",
"city_district": ""
},
"35.737404,139.777206": {
"display_name": "荒川四丁目, 荒川, 荒川区, 東京都, 116-0002, 日本",
"city": "荒川区",
"suburb": "",
"quarter": "荒川",
"neighbourhood": "荒川四丁目",
"city_district": ""
},
"35.745085,139.807559": {
"display_name": "千住東二丁目, 千住東, 足立区, 東京都, 120-0025, 日本",
"city": "足立区",
"suburb": "千住東",
"quarter": "",
"neighbourhood": "千住東二丁目",
"city_district": ""
},
"35.733804,139.882199": {
"display_name": "西小岩一丁目, 西小岩, 江戸川区, 東京都, 133-0057, 日本",
"city": "江戸川区",
"suburb": "",
"quarter": "西小岩",
"neighbourhood": "西小岩一丁目",
"city_district": ""
},
"35.731670,139.885317": {
"display_name": "南小岩八丁目, 南小岩, 江戸川区, 東京都, 133-0056, 日本",
"city": "江戸川区",
"suburb": "",
"quarter": "南小岩",
"neighbourhood": "南小岩八丁目",
"city_district": ""
},
"35.609511,139.748618": {
"display_name": "東品川四丁目, 東品川, 品川区, 東京都, 140-0002, 日本",
"city": "品川区",
"suburb": "東品川",
"quarter": "",
"neighbourhood": "東品川四丁目",
"city_district": ""
},
"35.729012,139.692034": {
"display_name": "長崎二丁目, 長崎, 豊島区, 東京都, 171-0044, 日本",
"city": "豊島区",
"suburb": "",
"quarter": "長崎",
"neighbourhood": "長崎二丁目",
"city_district": ""
},
"35.764854,139.735301": {
"display_name": "北本通り, 王子五丁目, 王子, 北区, 東京都, 114-8526, 日本",
"city": "北区",
"suburb": "",
"quarter": "王子",
"neighbourhood": "王子五丁目",
"city_district": ""
},
"35.759454,139.744912": {
"display_name": "王子金町市川線, 豊島二丁目, 豊島, 北区, 東京都, 114-0003, 日本",
"city": "北区",
"suburb": "",
"quarter": "豊島",
"neighbourhood": "豊島二丁目",
"city_district": ""
},
"35.757633,139.740450": {
"display_name": "豊島一丁目, 豊島, 北区, 東京都, 114-0002, 日本",
"city": "北区",
"suburb": "",
"quarter": "豊島",
"neighbourhood": "豊島一丁目",
"city_district": ""
},
"35.761123,139.690061": {
"display_name": "ときわ台駅前中央通り, 常盤台一丁目, 常盤台, 板橋区, 東京都, 174-0072, 日本",
"city": "板橋区",
"suburb": "",
"quarter": "常盤台",
"neighbourhood": "常盤台一丁目",
"city_district": ""
}
}